id,observed_on_string,observed_on,time_observed_at,time_zone,out_of_range,user_id,user_login,created_at,updated_at,quality_grade,license,url,image_url,sound_url,tag_list,description,id_please,num_identification_agreements,num_identification_disagreements,captive_cultivated,oauth_application_id,place_guess,latitude,longitude,positional_accuracy,geoprivacy,taxon_geoprivacy,coordinates_obscured,positioning_method,positioning_device,species_guess,scientific_name,common_name,iconic_taxon_name,taxon_id
1548137,2015-05-24,2015-05-24,,Lisbon,,3042,duarte,2015-05-26 15:39:53 UTC,2015-11-18 19:46:03 UTC,research,CC-BY,http://www.inaturalist.org/observations/1548137,https://static.inaturalist.org/photos/1917843/medium.JPG?1432655216,,"Laminaria ochroleuca, Cíes, Pontevedra, Galicia, España, Espanha, Spain","""O Muiño"" diving spot.",false,1,0,false,,"Islas Cíes, Pontevedra, Galicia, España",42.192612,-8.901982,49,,,false,,,Laminaria ochroleuca,Laminaria ochroleuca,Golden Kelp,Chromista,464900
2405505,2015-11-21,2015-11-21,,Madrid,,145644,whodden,2015-11-21 20:32:42 UTC,2015-11-21 21:44:28 UTC,research,CC-BY-NC,http://www.inaturalist.org/observations/2405505,https://static.inaturalist.org/photos/2683590/medium.jpg?1448137979,,"",Obsérvese el tallo cilíndrico y la raíz digitiforme.,false,1,0,false,,Isla de Tarifa,36.005381,-5.60734,70,,,false,,,Golden Kelp,Laminaria ochroleuca,Golden Kelp,Chromista,464900
9521183,2016/09/13 10:30 AM IST,2016-09-13,2016-09-13 07:30:00 UTC,Jerusalem,,10053,bernardpicton,2018-01-18 21:39:19 UTC,2018-01-19 17:37:28 UTC,research,CC-BY,https://www.inaturalist.org/observations/9521183,https://static.inaturalist.org/photos/12980886/medium.jpg?1516311345,,Laminaria ochroleuca,,false,1,0,false,,"Cornwall, England, United Kingdom",49.8862166667,-6.32315,,,,false,,,Golden Kelp,Laminaria ochroleuca,Golden Kelp,Chromista,464900
9521204,2016/09/11 12:17 PM IST,2016-09-11,2016-09-11 09:17:00 UTC,Jerusalem,,10053,bernardpicton,2018-01-18 21:39:28 UTC,2018-01-18 21:39:29 UTC,needs_id,CC-BY,https://www.inaturalist.org/observations/9521204,https://static.inaturalist.org/photos/12980946/medium.jpg?1516311460,,Laminaria ochroleuca,,false,0,0,false,,"Cornwall, England, United Kingdom",49.9698833333,-6.2645,,,,false,,,Golden Kelp,Laminaria ochroleuca,Golden Kelp,Chromista,464900
15575850,2012/07/20 12:27 PM WET,2012-07-20,2012-07-20 11:27:00 UTC,Europe/London,,762037,carmenbdelossantos,2018-08-17 17:04:48 UTC,2018-08-17 17:04:48 UTC,needs_id,CC-BY-NC-SA,https://www.inaturalist.org/observations/15575850,https://static.inaturalist.org/photos/23295695/medium.jpeg?1534525434,,"",,false,0,0,false,,"Viana do Castelo, Portugal",41.6954603457,-8.8525593214,250,,,false,,,Golden Kelp,Laminaria ochroleuca,Golden Kelp,Chromista,464900
17767136,2017/03/29 1:32 PM CEST,2017-03-29,2017-03-29 11:32:00 UTC,Paris,,1092508,svenjah,2018-10-23 12:13:04 UTC,2018-10-23 17:20:53 UTC,research,CC-BY-NC,https://www.inaturalist.org/observations/17767136,https://static.inaturalist.org/photos/27102656/medium.jpg?1540295982,,"",,false,2,0,false,,"Roscoff, France",48.7286669022,-3.9820527067,15,,,false,,,Laminaria ochroleuca,Laminaria ochroleuca,Golden Kelp,Chromista,464900
18603463,2015/10/02 10:54 AM +01,2015-10-02,2015-10-02 09:54:00 UTC,Casablanca,,762037,carmenbdelossantos,2018-11-24 19:43:24 UTC,2018-11-24 20:14:52 UTC,needs_id,CC-BY-NC-SA,https://www.inaturalist.org/observations/18603463,https://static.inaturalist.org/photos/28471390/medium.jpeg?1543088570,,"",,false,0,0,false,,"Tarifa, Cádis, Espanha",36.0017573249,-5.6045583941,400,,,false,,,Laminaria ochroleuca,Laminaria ochroleuca,Golden Kelp,Chromista,464900
19046380,Sat Mar 21 2015 12:47:13 GMT+0100 (GMT+1),2015-03-21,2015-03-21 11:47:13 UTC,Amsterdam,,1391973,tom_argentopratus,2018-12-16 12:30:47 UTC,2018-12-16 15:48:26 UTC,research,,https://www.inaturalist.org/observations/19046380,https://static.inaturalist.org/photos/29215844/medium.jpg?1544963452,,"",,false,1,0,false,3,"La Manche, , Bretagne, FR",48.7317183746,-3.9829968139,80,,,false,,,Laminaria ochroleuca,Laminaria ochroleuca,Golden Kelp,Chromista,464900
32040091,Sun Sep 01 2019 09:23:35 GMT+0200 (GMT+2),2019-09-01,2019-09-01 07:23:35 UTC,Africa/Johannesburg,,2130129,aliconti,2019-09-03 07:25:52 UTC,2019-09-06 20:14:21 UTC,needs_id,CC-BY-NC,https://www.inaturalist.org/observations/32040091,https://static.inaturalist.org/photos/50213320/medium.jpg?1567495564,,"",38m deep,false,0,0,false,3,"Tyrrhenian Sea, Calabria, IT",38.2570710501,15.7177477679,1563,,,false,,,Laminaria ochroleuca,Laminaria ochroleuca,Golden Kelp,Chromista,464900
33541706,2019-09-28 1:22:16 AM GMT+01:00,2019-09-28,2019-09-27 23:22:16 UTC,Amsterdam,,656698,jackapod,2019-09-28 18:02:29 UTC,2019-09-28 18:02:39 UTC,needs_id,CC0,https://www.inaturalist.org/observations/33541706,https://static.inaturalist.org/photos/52687101/medium.jpeg?1569693755,,"",Stranded,false,0,0,false,2,"Wembury, Plymouth, UK",50.3165917987,-4.0875189006,4208,,,false,gps,gps,Golden Kelp,Laminaria ochroleuca,Golden Kelp,Chromista,464900
